{"cameraMode":{"drawMode":0,"name":"Shaded","section":"Shading Mode"},"sceneLighting":false,"audioPlay":false,"sceneViewState":{"showFog":true,"showMaterialUpdate":false,"showSkybox":false,"showFlares":true,"showImageEffects":true,"showParticleSystems":true},"in2DMode":false,"pivot":{"x":-2.4129998683929445,"y":15.694000244140625,"z":-26.905000686645509},"rotation":{"x":0.40395188331604006,"y":-0.012080938555300236,"z":0.005303164478391409,"w":0.9148324131965637},"size":0.42448925971984866,"orthographic":false}