{"cameraMode":{"drawMode":0,"name":"Shaded","section":"Shading Mode"},"sceneLighting":false,"audioPlay":false,"sceneViewState":{"showFog":true,"showMaterialUpdate":false,"showSkybox":false,"showFlares":true,"showImageEffects":true,"showParticleSystems":true},"in2DMode":false,"pivot":{"x":-2.4130001068115236,"y":15.699999809265137,"z":-26.90999984741211},"rotation":{"x":0.023806443437933923,"y":-0.9660531878471375,"z":0.09625334292650223,"w":0.2388925850391388},"size":0.3822990655899048,"orthographic":false}