{"cameraMode":{"drawMode":0,"name":"Shaded","section":"Shading Mode"},"sceneLighting":true,"audioPlay":false,"sceneViewState":{"showFog":true,"showMaterialUpdate":false,"showSkybox":true,"showFlares":true,"showImageEffects":true,"showParticleSystems":true},"in2DMode":false,"pivot":{"x":6.053023338317871,"y":14.221526145935059,"z":-9.638877868652344},"rotation":{"x":-0.34412235021591189,"y":0.006194910034537315,"z":-0.002271064091473818,"w":-0.9389026165008545},"size":39.138572692871097,"orthographic":false}